[
  {
    "id": "0c708725-cf9f-4bd3-8d71-6f429f6efa80",
    "data": [
      {
        "text": "Are you open today ?",
        "userDefined": false
      }
    ],
    "isTemplate": false,
    "count": 0
  },
  {
    "id": "ecfd6b31-3eb4-4278-b124-60845280d151",
    "data": [
      {
        "text": "What time do you open ?",
        "userDefined": false
      }
    ],
    "isTemplate": false,
    "count": 0
  },
  {
    "id": "748e2564-048f-40f3-858b-ae4f85099a8b",
    "data": [
      {
        "text": "When do you close ?",
        "userDefined": false
      }
    ],
    "isTemplate": false,
    "count": 0
  },
  {
    "id": "526d2b6d-10cd-4be3-a964-6ba03fa0b6b9",
    "data": [
      {
        "text": "Are you open right now ?",
        "userDefined": false
      }
    ],
    "isTemplate": false,
    "count": 0
  }
]